,Empresa:,,1091  -  LC COMERCIO DE AUTO PECAS LTDA,,,,,Página: 1/10,
,CNPJ:,50.267.135/0001-96,,,,,,Data: 05/03/2026,
,,,,,,,,,
,PLANO DE CONTAS,,,,,,,,
,,,,,,,,,
,Classificação,,,Código,T,Descrição,CNPJ,,Grau
,1,,,1,S,ATIVO,,,1
,1.1,,,2,S,ATIVO CIRCULANTE,,,2
,1.1.1,,,3,S,DISPONÍVEL,,,3
,1.1.10.1,,,4,S,CAIXA,,,4
,1.1.10.100.000,,,5,A,CAIXA GERAL,,,5
,1.1.10.2,,,7,S,BANCOS CONTA MOVIMENTO,,,4
,1.1.10.200.000,,,10080,A,PAGSEGURO,,,5
,1.1.10.200.000,,,10081,A,BANCO BS2,,,5
,1.1.10.200.000,,,10096,A,BANCO CREDELESC,,,5
,1.1.10.200.000,,,10107,A,PAGBANK,,,5
,1.1.10.200.000,,,10108,A,IUGU,,,5
,1.1.10.200.000,,,10109,A,CONTA AZUL,,,5
,1.1.10.200.000,,,10125,A,BANCO JUNO,,,5
,1.1.10.200.000,,,10127,A,BANCO BTG ,,,5
,1.1.10.200.000,,,8,A,BANCO DO BRASIL,,,5
,1.1.10.200.000,,,9,A,CAIXA ECONÔMICA FEDERAL,,,5
,1.1.10.200.000,,,536,A,BANCO ITAU UNIBANCO,,,5
,1.1.10.200.000,,,537,A,BANCO BRADESCO,,,5
,1.1.10.200.000,,,539,A,BANCO SANTANDER,,,5
,1.1.10.200.000,,,10002,A,MERCADO PAGO,,,5
,1.1.10.200.000,,,10003,A,BANCO CORA,,,5
,1.1.10.200.000,,,10004,A,BANCO ORIGINAL,,,5
,1.1.10.200.000,,,10005,A,BANCO VOTORANTIM,,,5
,1.1.10.200.001,,,10006,A,BANCO SICREDI,,,5
,1.1.10.200.001,,,10007,A,BANCO STONE,,,5
,1.1.10.200.001,,,10008,A,BANCO CRESOL,,,5
,1.1.10.200.001,,,10009,A,BANCO BIZ,,,5
,1.1.10.200.001,,,10010,A,AMERICANAS,,,5
,1.1.10.200.001,,,10011,A,BANCO BRADESCO - FILIAL,,,5
,1.1.10.200.001,,,10012,A,MERCADO PAGO - FILIAL,,,5
,1.1.10.200.001,,,10013,A,BANCO SICOOB,,,5
,1.1.10.200.001,,,10014,A,BANCO INTER,,,5
,1.1.10.200.001,,,10015,A,BANCO NUBANK,,,5
,1.1.10.200.002,,,10016,A,BANCO CREDELESC,,,5
,1.1.10.200.002,,,10017,A,BANCO C6 BANK,,,5
,1.1.10.3,,,10,S,APLICAÇÕES FINANCEIRAS LIQUIDEZ IMEDIATA,,,4
,1.1.10.300.000,,,10121,A,APLICAÇÃO C6,,,5
,1.1.10.300.000,,,10126,A,APLICAÇÃO SICRED,,,5
,1.1.10.300.000,,,10129,A,APLICAÇÃO BANCO DO BRASIL,,,5
,1.1.10.300.000,,,11,A,POUPANÇA NA CAIXA ECONOMICA FEDERAL,,,5
,1.1.10.300.000,,,10018,A,APLICAÇÃO SANTANDER,,,5
,1.1.10.300.000,,,10019,A,APLICAÇÃO BRADESCO,,,5
,1.1.10.300.000,,,10020,A,APLICAÇÃO ITAÚ,,,5
,1.1.10.300.000,,,10021,A,APLICAÇÃO INTER,,,5
,1.1.10.300.000,,,10022,A,APLICAÇÃO SICOOB,,,5
,1.1.10.300.000,,,10023,A,APLICAÇÃO CAIXA,,,5
,1.1.10.300.000,,,10024,A,APLICAÇÃO CREDELESC,,,5
,1.1.2,,,12,S,CLIENTES,,,3
,1.1.20.1,,,13,S,DUPLICATAS A RECEBER,,,4
,1.1.20.100.000,,,10000,A,CLIENTES,00000000000,,5
,1.1.3,,,18,S,OUTROS CRÉDITOS,,,3
,1.1.30.2,,,20,S,TÍTULOS A RECEBER,,,4
,1.1.30.200.000,,,10112,A,TÍTULOS A RECEBER,,,5
,1.1.30.200.000,,,10131,A,ADIANTAMENTO DE CONSÓRCIO ,,,5
,1.1.30.5,,,23,S,ADIANTAMENTOS A FORNECEDORES,,,4
,1.1.30.500.000,,,527,A,ADIANTAMENTOS A FORNECEDORES,,,5
,1.1.30.6,,,24,S,CRÉDITOS COM EMPREGADOS,,,4
,1.1.30.600.000,,,10110,A,EMPRÉSTIMO A EMPREGADO,,,5
,1.1.30.600.000,,,10120,A,ADIANTAMENTO FÉRIAS,,,5
,1.1.30.600.000,,,25,A,ADIANTAMENTO DE SALÁRIO,,,5
,1.1.30.600.000,,,26,A,ADIANTAMENTO DE 13º SALÁRIO,,,5
,1.1.30.7,,,27,S,RELACIONAMENTO COM SÓCIOS E ADMINISTRADORES,,,4
,1.1.30.700.000,,,10067,A,CRÉDITOS COM SÓCIOS E ADMINISTRADORES ,,,5
,1.1.30.8,,,28,S,TRIBUTOS A RECUPERAR/COMPENSAR,,,4
,1.1.30.800.000,,,29,A,IPI A RECUPERAR,,,5
,1.1.30.800.000,,,30,A,ICMS A RECUPERAR,,,5
,1.1.30.800.000,,,31,A,IRRF A RECUPERAR,,,5
,1.1.30.800.000,,,35,A,CONTRIBUIÇÃO SOCIAL RETIDO A COMPENSAR,,,5
,1.1.30.800.000,,,36,A,COFINS RETIDO A COMPENSAR,,,5
,1.1.30.800.000,,,37,A,PIS RETIDO A COMPENSAR,,,5
,1.1.30.800.001,,,38,A,INSS A COMPENSAR,,,5
,1.1.30.800.001,,,40,A,COFINS A RECUPERAR,,,5
,1.1.30.800.001,,,41,A,PIS A RECUPERAR,,,5
,1.1.30.800.001,,,42,A,COFINS A RECUPERAR - CRÉDITO PRESUMIDO,,,5
,1.1.30.800.001,,,43,A,PIS RECUPERAR - CRÉDITO PRESUMIDO,,,5
,1.1.30.800.001,,,476,A,ISS A RECUPERAR,,,5
,1.1.5,,,53,S,ESTOQUE,,,3
,1.1.50.1,,,54,S,"MERCADORIAS, PRODUTOS E INSUMOS",,,4
,1.1.50.100.000,,,10060,A,ESTOQUE A IDENTIFICAR,,,5
,1.1.50.100.000,,,55,A,MERCADORIAS PARA REVENDA,,,5
,1.1.50.100.000,,,56,A,MATÉRIA-PRIMA,,,5
,1.1.50.100.000,,,10025,A,ESTOQUE EM PODER DE TERCEIROS,,,5
,1.1.50.100.000,,,10031,A,MERCADORIAS PARA EXPORTAÇÃO,,,5
,1.1.50.100.000,,,10034,A,ESTOQUE DE BRINDES,,,5
,1.1.50.3,,,64,S,(-) PROVISÃO PARA AJUSTES DO ESTOQUE,,,4
,1.1.6,,,65,S,DESPESAS PAGAS ANTECIPADAMENTE,,,3
,1.1.60.000.000,,,10111,A,ENCARGOS FINANCEIROS A APROPRIAR ,,,5
,1.1.60.1,,,66,S,DESPESAS DE MESES SEGUINTES,,,4
,1.1.60.100.000,,,67,A,PRÊMIOS DE SEGUROS A APROPRIAR,,,5
,1.2,,,501,S,ATIVO NÃO-CIRCULANTE,,,2
,1.2.1,,,69,S,ATIVO REALIZÁVEL A LONGO PRAZO,,,3
,1.2.10.1,,,70,S,CLIENTES,,,4
,1.2.3,,,88,S,INVESTIMENTOS,,,3
,1.2.30.000.000,,,10061,A,INVESTIMENTOS,,,5
,1.2.4,,,111,S,IMOBILIZADO,,,3
,1.2.40.1,,,112,S,IMÓVEIS,,,4
,1.2.40.100.000,,,10092,A,CONSTRUÇÕES EM ANDAMENTO,,,5
,1.2.40.100.000,,,113,A,TERRENOS,,,5
,1.2.40.100.000,,,114,A,EDIFÍCIOS,,,5
,1.2.40.100.000,,,115,A,CONSTRUÇÕES,,,5
,1.2.40.2,,,116,S,MÓVEIS E UTENSÍLIOS,,,4
,1.2.40.200.000,,,10113,A,EQUIPAMENTOS DE INFORMÁTICA,,,5
,1.2.40.200.000,,,117,A,MÓVEIS E UTENSÍLIOS,,,5
,1.2.40.3,,,118,S,"MÁQUINAS, EQUIPAMENTOS E FERRAMENTAS",,,4
,1.2.40.300.000,,,119,A,MÁQUINAS E EQUIPAMENTOS,,,5
,1.2.40.300.000,,,540,A,FERRAMENTAS E ACESSORIOS,,,5
,1.2.40.4,,,120,S,VEÍCULOS,,,4
,1.2.40.400.000,,,121,A,VEÍCULOS,,,5
,1.2.40.5,,,122,S,OUTRAS IMOBILIZACOES,,,4
,1.2.40.500.000,,,542,A,COMPUTADORES E ACESSORIOS,,,5
,1.2.40.500.000,,,544,A,INSTALAÇÕES,,,5
,1.2.40.500.000,,,548,A,BENF. EM MOVEIS DE TERC,,,5
,1.2.40.500.000,,,10029,A,IMOBILIZADOS,,,5
,1.2.40.6,,,124,S,IMOBILIZADO EM ANDAMENTO,,,4
,1.2.40.7,,,125,S,"(-) DEPRECIAÇÕES, AMORT. E EXAUS. ACUMUL",,,4
,1.2.40.700.000,,,126,A,(-) DEPRECIAÇÕES DE EDIFÍCIOS,,,5
,1.2.40.700.000,,,127,A,(-) DEPRECIAÇÕES DE MÓVEIS E UTENSÍLIOS,,,5
,1.2.40.700.000,,,128,A,"(-) DEPRECIAÇÕES DE MÁQUINAS, EQUIP. FER",,,5
,1.2.40.700.000,,,129,A,(-) DEPRECIAÇÕES DE VEÍCULOS,,,5
,1.2.40.700.000,,,130,A,(-) EXAUSTÕES E DEPREC. DE REC. NATURAIS,,,5
,1.2.40.700.000,,,131,A,"(-) AMORTIZAÇÃO DE MARCAS, DIR. PATENTES",,,5
,1.2.40.700.000,,,541,A,(-) DEPREC. FERRAMENTAS E ACESSORIOS,,,5
,1.2.40.700.000,,,543,A,(-) DEPREC. COMPUTADORES E ACESSORIOS,,,5
,1.2.40.700.000,,,545,A,(-) DEPREC. INSTALAÇÕES,,,5
,1.2.40.700.001,,,547,A,(-) AMORTIZ. SOFTWARE,,,5
,1.2.40.700.001,,,549,A,(-) AMORTIZ.BENF. EM MOVEIS DE TERC,,,5
,1.2.5,,,502,S,INTANGÍVEL,,,3
,1.2.50.1,,,123,S,"MARCAS, DIREITOS E PATENTES",,,4
,1.2.50.100.000,,,546,A,SOFTWARES,,,5
,1.3,,,87,S,ATIVO PERMANENTE,,,2
,1.3.1,,,132,S,ATIVO DIFERIDO,,,3
,1.3.10.1,,,133,S,GASTOS PRÉ-OPERACIONAIS,,,4
,1.3.10.100.000,,,134,A,ADMINISTRATIVOS,,,5
,1.3.10.100.000,,,135,A,DE ORGANIZAÇÃO,,,5
,1.3.10.100.000,,,136,A,FINANCEIROS,,,5
,1.3.10.2,,,137,S,GASTOS COM PESQUISA E DESENVOLVIMENTO,,,4
,1.3.10.200.000,,,138,A,GASTOS GERAIS,,,5
,1.3.10.200.000,,,139,A,FINANCEIROS,,,5
,1.3.10.3,,,140,S,GASTOS DE IMPLEMENTAÇÃO DE NOVOS SISTEMA,,,4
,1.3.10.300.000,,,141,A,GASTOS GERAIS,,,5
,1.3.10.300.000,,,142,A,FINANCEIROS,,,5
,1.3.10.4,,,143,S,BENFEITORIAS EM PROPRIEDADE DE TERCEIRO,,,4
,1.3.10.5,,,144,S,(-) AMORTIZAÇÕES ACUMULADAS,,,4
,1.3.10.500.000,,,145,A,(-) AMORTIZAÇÕES DE GASTOS PRÉ-OPERAC.,,,5
,1.3.10.500.000,,,146,A,(-) AMORTIZAÇÕES DE GASTOS PESQ. DESENV.,,,5
,1.3.10.500.000,,,147,A,(-) AMORTIZAÇÕES DE GASTOS NOVOS SISTEMA,,,5
,1.3.10.500.000,,,148,A,(-) AMORTIZAÇÕES DE BENEF. EM PROP. TERC,,,5
,2,,,149,S,PASSIVO,,,1
,2.1,,,150,S,PASSIVO CIRCULANTE,,,2
,2.1.1,,,382,S,EMPRÉSTIMOS E FINANCIAMENTOS,,,3
,2.1.10.1,,,151,S,EMPRÉSTIMOS,,,4
,2.1.10.100.000,,,10038,A,EMPRÉSTIMOS A PAGAR,,,5
,2.1.10.100.000,,,10040,A,EMPRÉSTIMO MERCADO PAGO,,,5
,2.1.10.100.000,,,152,A,EMPRÉSTIMO BANCO BRASIL,,,5
,2.1.10.2,,,153,S,FINANCIAMENTOS,,,4
,2.1.10.200.000,,,10115,A,FINANCIAMENTOS A PAGAR,,,5
,2.1.3,,,164,S,FORNECEDORES,,,3
,2.1.30.1,,,165,S,FORNECEDORES,,,4
,2.1.30.100.000,,,10001,A,FORNECEDORES,00000000000000,,5
,2.1.30.100.002,,,10132,A,EBAZARCOMBR LTDA,03007331004996,,5
,2.1.30.100.003,,,10133,A,EBAZARCOMBR LTDA,03007331008045,,5
,2.1.30.100.004,,,10134,A,EBAZARCOMBR LTDA,03007331023001,,5
,2.1.30.100.005,,,10135,A,EBAZARCOMBR LTDA,03007331023273,,5
,2.1.30.100.006,,,10136,A,SHPS TECNOLOGIA E SERVICOS LTDA,35635824001437,,5
,2.1.30.100.007,,,10137,A,EBAZARCOMBR LTDA,03007331014444,,5
,2.1.30.100.008,,,10138,A,EBAZARCOMBR LTDA,03007331017117,,5
,2.1.30.100.009,,,10139,A,EBAZARCOMBR LTDA,03007331015335,,5
,2.1.30.100.010,,,10140,A,EBAZARCOMBR LTDA,03007331016730,,5
,2.1.30.100.011,,,10141,A,EBAZARCOMBR LTDA,03007331016064,,5
,2.1.30.100.012,,,10142,A,EBAZARCOMBR LTDA,03007331014363,,5
,2.1.30.100.013,,,10143,A,EBAZARCOMBR LTDA,03007331021068,,5
,2.1.30.100.014,,,10144,A,SHPS TECNOLOGIA E SERVICOS LTDA,35635824000546,,5
,2.1.30.100.015,,,10145,A,SHPS TECNOLOGIA E SERVICOS LTDA,35635824000970,,5
,2.1.30.100.016,,,10146,A,SHPS TECNOLOGIA E SERVICOS LTDA,35635824000465,,5
,2.1.30.100.017,,,10147,A,JET EXPRESS BRAZIL LTDA,42584754000267,,5
,2.1.30.100.018,,,10148,A,SHPS TECNOLOGIA E SERVICOS LTDA,35635824000627,,5
,2.1.30.100.019,,,10149,A,SHPS TECNOLOGIA E SERVICOS LTDA,35635824001356,,5
,2.1.30.100.020,,,10150,A,SHPS TECNOLOGIA E SERVICOS LTDA,35635824001860,,5
,2.1.30.100.021,,,10151,A,SHPS TECNOLOGIA E SERVICOS LTDA,35635824000708,,5
,2.1.30.100.022,,,10152,A,SHPS TECNOLOGIA E SERVICOS LTDA,35635824000899,,5
,2.1.30.100.023,,,10153,A,EBAZARCOMBR LTDA,03007331021904,,5
,2.1.30.100.024,,,10154,A,EBAZARCOMBR LTDA,03007331019675,,5
,2.1.30.100.025,,,10155,A,SHPS TECNOLOGIA E SERVICOS LTDA,35635824001780,,5
,2.1.30.100.026,,,10156,A,SHPS TECNOLOGIA E SERVICOS LTDA,35635824001275,,5
,2.1.30.100.027,,,10157,A,EBAZARCOMBR LTDA,03007331021653,,5
,2.1.30.100.028,,,10158,A,EBAZARCOMBR LTDA,03007331021734,,5
,2.1.30.100.029,,,10159,A,EBAZARCOMBR LTDA,03007331022200,,5
,2.1.30.100.030,,,10160,A,SHPS TECNOLOGIA E SERVICOS LTDA,35635824001518,,5
,2.1.30.100.031,,,10161,A,EBAZARCOMBR LTDA,03007331022382,,5
,2.1.30.100.032,,,10162,A,EBAZARCOMBR LTDA,03007331019322,,5
,2.1.30.100.033,,,10163,A,EBAZARCOMBR LTDA,03007331023940,,5
,2.1.30.100.034,,,10165,A,SHPX LOGISTICA LTDA,42446277030342,,5
,2.1.30.100.035,,,10166,A,SHPS TECNOLOGIA E SERVICOS LTDA,35635824000384,,5
,2.1.30.100.036,,,10167,A,EBAZARCOMBR LTDA,03007331024326,,5
,2.1.30.100.037,,,10168,A,SHPS TECNOLOGIA E SERVICOS LTDA,35635824001003,,5
,2.1.4,,,169,S,OBRIGAÇÕES TRIBUTÁRIAS,,,3
,2.1.40.1,,,170,S,IMPOSTOS E CONTRIBUIÇÕES A RECOLHER,,,4
,2.1.40.100.000,,,10062,A,PARCELAMENTO SIMPLES NACIONAL,,,5
,2.1.40.100.000,,,10122,A,ICMS DIFAL A RECOLHER,,,5
,2.1.40.100.000,,,171,A,IPI A RECOLHER,,,5
,2.1.40.100.000,,,172,A,ICMS A RECOLHER,,,5
,2.1.40.100.000,,,173,A,ISS A RECOLHER,,,5
,2.1.40.100.000,,,174,A,PROVISÃO PARA IMPOSTO DE RENDA,,,5
,2.1.40.100.000,,,175,A,PROVISÃO P/ CONTRIBUIÇÃO SOCIAL S/ LUCRO,,,5
,2.1.40.100.000,,,176,A,IMPOSTO DE RENDA A RECOLHER,,,5
,2.1.40.100.000,,,177,A,CONTRIBUIÇÃO SOCIAL A RECOLHER,,,5
,2.1.40.100.000,,,178,A,IRRF A RECOLHER,,,5
,2.1.40.100.000,,,179,A,PIS A RECOLHER,,,5
,2.1.40.100.001,,,180,A,COFINS A RECOLHER,,,5
,2.1.40.100.001,,,181,A,PROVISÃO PARA IOF,,,5
,2.1.40.100.001,,,182,A,CRF A RECOLHER,,,5
,2.1.40.100.001,,,183,A,ISS RETIDO A RECOLHER,,,5
,2.1.40.100.001,,,184,A,INSS RETIDO A RECOLHER,,,5
,2.1.40.100.001,,,479,A,SIMPLES NACIONAL A RECOLHER,,,5
,2.1.40.100.001,,,481,A,SUBSTITUIÇÃO TRIBUTÁRIA A RECOLHER,,,5
,2.1.40.100.001,,,483,A,REFIS A RECOLHER,,,5
,2.1.40.100.001,,,485,A,FIA A RECOLHER,,,5
,2.1.40.100.001,,,487,A,PIS RETIDO A RECOLHER,,,5
,2.1.40.100.002,,,488,A,COFINS RETIDO A RECOLHER,,,5
,2.1.40.100.002,,,489,A,CONTRIBUIÇÃO SOCIAL RETIDA A RECOLHER,,,5
,2.1.40.100.002,,,490,A,FUNRURAL A RECOLHER,,,5
,2.1.40.100.002,,,491,A,CONTRIBUIÇÃO SINDICAL A RECOLHER,,,5
,2.1.40.100.002,,,508,A,INSS RECEITA BRUTA A RECOLHER,,,5
,2.1.40.100.002,,,512,A,ICMS ANTECIPADO A RECOLHER,,,5
,2.1.40.100.002,,,513,A,ICMS ANTECIPAÇÃO TOTAL ST A RECOLHER,,,5
,2.1.5,,,185,S,OBRIGAÇÕES TRABALHISTA E PREVIDENCIÁRIA,,,3
,2.1.50.1,,,186,S,OBRIGAÇÕES COM O PESSOAL,,,4
,2.1.50.100.000,,,10087,A,13º SÁLARIO A PAGAR,,,5
,2.1.50.100.000,,,10088,A,CONTRIB. SINDICAL A RECOLHER,,,5
,2.1.50.100.000,,,187,A,SALÁRIOS E ORDENADOS A PAGAR,,,5
,2.1.50.100.000,,,188,A,PRÓ-LABORE A PAGAR,,,5
,2.1.50.100.000,,,189,A,GRATIFICAÇÕES A PAGAR,,,5
,2.1.50.100.000,,,559,A,FERIAS A PAGAR,,,5
,2.1.50.100.000,,,560,A,RESCISÕES A PAGAR,,,5
,2.1.50.2,,,190,S,OBRIGAÇÕES SOCIAIS,,,4
,2.1.50.200.000,,,191,A,INSS A RECOLHER,,,5
,2.1.50.200.000,,,192,A,FGTS A RECOLHER,,,5
,2.1.50.200.000,,,494,A,PIS S/ FOLHA A RECOLHER,,,5
,2.1.50.3,,,193,S,PROVISÕES,,,4
,2.1.50.300.000,,,10070,A,PROVISÃO ENCARGOS S/ 13 SALÁRIO,,,5
,2.1.50.300.000,,,10072,A,PROVISÃO ENCARGOS S/ FÉRIAS,,,5
,2.1.50.300.000,,,194,A,PROVISÕES PARA FÉRIAS,,,5
,2.1.50.300.000,,,195,A,PROVISÕES PARA 13º SALÁRIO,,,5
,2.1.50.300.000,,,196,A,INSS SOBRE PROVISÕES PARA FÉRIAS,,,5
,2.1.50.300.000,,,197,A,INSS SOBRE PROVISÕES PARA 13º SALÁRIO,,,5
,2.1.50.300.000,,,198,A,FGTS SOBRE PROVISÕES PARA FÉRIAS,,,5
,2.1.50.300.000,,,199,A,FGTS SOBRE PROVISÕES PARA 13º SALÁRIO,,,5
,2.1.50.300.000,,,495,A,PIS SOBRE PROVISÕES PARA FÉRIAS,,,5
,2.1.50.300.000,,,496,A,PIS SOBRE PROVISÕES PARA 13º SALÁRIO,,,5
,2.1.6,,,200,S,OUTRAS OBRIGAÇÕES,,,3
,2.1.60.1,,,201,S,ADIANTAMENTOS A CLIENTES,,,4
,2.1.60.100.000,,,10114,A,ADIANTAMENTOS A CLIENTES,,,5
,2.1.60.2,,,202,S,CONTAS A PAGAR,,,4
,2.1.60.200.000,,,510,A,CONTAS A PAGAR,,,5
,2.1.60.4,,,204,S,RELACIONAMENTO COM SÓCIOS E ADMINISTRADORES,,,4
,2.1.60.400.000,,,10124,A,DÉBITOS COM SÓCIOS E ADMINISTRADORES,,,5
,2.1.60.5,,,205,S,SEGUROS,,,4
,2.1.60.500.000,,,10093,A,SEGURO DE VEÍCULOS,,,5
,2.2,,,503,S,PASSIVO NÃO-CIRCULANTE,,,2
,2.2.1,,,217,S,PASSIVO EXIGÍVEL A LONGO PRAZO,,,3
,2.2.10.1,,,219,S,EMPRÉSTIMOS,,,4
,2.2.10.100.000,,,10102,A,EMPRÉSTIMOS A PAGAR,,,5
,2.2.10.3,,,221,S,FINANCIAMENTOS,,,4
,2.2.10.300.000,,,222,A,FINANCIAMENTOS A PAGAR,,,5
,2.3,,,242,S,PATRIMÔNIO LÍQUIDO,,,2
,2.3.1,,,243,S,CAPITAL SOCIAL,,,3
,2.3.10.1,,,244,S,CAPITAL SUBSCRITO,,,4
,2.3.10.100.000,,,10082,A,ADIANTAMENTO PARA FUTURO AUMENTO DE CAPITAL,,,5
,2.3.10.100.000,,,245,A,CAPITAL SOCIAL,,,5
,2.3.10.2,,,246,S,(-) CAPITAL A INTEGRALIZAR,,,4
,2.3.10.200.000,,,247,A,CAPITAL A INTEGRALIZAR,,,5
,2.3.2,,,524,S,RESERVAS,,,3
,2.3.20.1,,,249,S,RESERVAS DE CAPITAL,,,4
,2.3.20.3,,,257,S,RESERVAS DE LUCROS,,,4
,2.3.20.300.000,,,259,A,RESERVA ESTATUTÁRIA,,,5
,2.3.20.300.000,,,260,A,RESERVA PARA CONTINGÊNCIAS,,,5
,2.3.20.300.000,,,261,A,RESERVA DE LUCROS A REALIZAR,,,5
,2.3.20.300.000,,,262,A,RESERVA ESPECIAL,,,5
,2.3.20.300.000,,,263,A,(-) AÇÕES/QUOTAS EM TESOURARIA,,,5
,2.3.20.300.000,,,258,A,RESERVA LEGAL,,,5
,2.3.3,,,264,S,LUCROS OU PREJUÍZOS ACUMULADOS,,,3
,2.3.30.1,,,265,S,LUCROS OU PREJUÍZOS ACUMULADOS,,,4
,2.3.30.100.000,,,10041,A,(-) ADIANTAMENTO DE LUCROS,,,5
,2.3.30.100.000,,,10101,A,(-) LUCROS DISTRIBUÍDOS,,,5
,2.3.30.100.000,,,266,A,LUCROS ACUMULADOS,,,5
,2.3.30.100.000,,,267,A,(-) PREJUÍZOS ACUMULADOS,,,5
,2.3.30.100.000,,,268,A,RESULTADO DO EXERCÍCIO EM CURSO,,,5
,2.3.30.100.000,,,522,A,LUCRO DO EXERCÍCIO EM CURSO,,,5
,2.3.30.100.000,,,523,A,(-) PREJUÍZO DO EXERCÍCIO EM CURSO,,,5
,2.3.30.100.020,,,10164,A,AJUSTE DE EXERCICIO ANTERIORES ,,,5
,2.3.4,,,248,S,RESERVAS,,,3
,2.4,,,238,S,RESULTADO DE EXERCÍCIOS FUTUROS,,,2
,2.4.1,,,239,S,LUCRO OPERACIONAL,,,3
,2.4.10.1,,,240,S,RECEITAS DE EXERCÍCIOS FUTUROS,,,4
,2.4.10.2,,,241,A,CUSTOS E DESPESAS VINCULADAS AS RECEITAS,,,4
,3,,,402,S,CONTAS DE RESULTADO - RECEITAS,,,1
,3.1,,,403,S,RECEITAS OPERACIONAIS,,,2
,3.1.1,,,404,S,RECEITA BRUTA DE VENDAS E SERVIÇOS,,,3
,3.1.10.1,,,405,S,RECEITA BRUTAS DE VENDAS E MERCADORIAS,,,4
,3.1.10.100.000,,,406,A,VENDA DE PRODUTOS,,,5
,3.1.10.100.000,,,407,A,VENDA DE PRODUTOS NO MERCADO EXTERNO,,,5
,3.1.10.100.000,,,408,A,VENDA DE MERCADORIAS,,,5
,3.1.10.100.000,,,409,A,VENDA DE MERCADORIAS NO MERCADO EXTERNO,,,5
,3.1.10.2,,,410,S,RECEITA DE PRESTAÇÃO DE SERVIÇOS,,,4
,3.1.10.200.000,,,411,A,SERVIÇOS PRESTADOS,,,5
,3.1.10.200.000,,,412,A,SERVIÇOS PRESTADOS MERCADO EXTERNO,,,5
,3.1.2,,,413,S,(-) DEDUÇÕES DA RECEITA BRUTA,,,3
,3.1.20.1,,,414,S,(-) CANCELAMENTO E DEVOLUÇÕES,,,4
,3.1.20.100.000,,,415,A,(-) DEVOLUÇÃO DE VENDA DE PRODUTOS,,,5
,3.1.20.100.000,,,416,A,(-) DEV. VENDA DE PRODUTOS MERCADO EXT.,,,5
,3.1.20.100.000,,,417,A,(-) DEVOLUÇÃO DE VENDA DE MERCADORIAS,,,5
,3.1.20.100.000,,,418,A,(-) DEV. VENDA DE MERCADORIAS MERC. EXT,,,5
,3.1.20.100.000,,,529,A,(-) ANULAÇÃO DE VALOR RELATIVO À VENDA DE ENERGIA ELÉTRICA,,,5
,3.1.20.100.000,,,530,A,(-) ANULAÇÃO DE VALOR RELATIVO À PREST. SERV. DE COMUNICAÇÃO,,,5
,3.1.20.100.000,,,531,A,(-) ANULAÇÃO DE VALOR RELATIVO À PREST. SERV. DE TRANSPORTE,,,5
,3.1.20.2,,,419,S,(-) DESCONTOS INCONDICIONAIS,,,4
,3.1.20.200.000,,,420,A,(-) DESCONTO VENDA DE PRODUTOS,,,5
,3.1.20.200.000,,,421,A,(-) DESCONTO VENDA DE PRODUTO MERC. EXT,,,5
,3.1.20.200.000,,,422,A,(-) DESCONTO VENDA DE MERCADORIA,,,5
,3.1.20.200.000,,,423,A,(-) DESC. VENDA DE MERCADORIAS MERC. EXT,,,5
,3.1.20.3,,,424,S,(-) IMPOSTOS SOBRE VENDAS E SERVIÇOS,,,4
,3.1.20.300.000,,,425,A,(-) IPI,,,5
,3.1.20.300.000,,,426,A,(-) ICMS,,,5
,3.1.20.300.000,,,427,A,(-) ISS,,,5
,3.1.20.300.000,,,428,A,(-) COFINS,,,5
,3.1.20.300.000,,,429,A,(-) PIS,,,5
,3.1.20.300.000,,,477,A,(-) CONTRIBUIÇÃO SOCIAL,,,5
,3.1.20.300.000,,,478,A,(-) IMPOSTO DE RENDA,,,5
,3.1.20.300.000,,,480,A,(-) SIMPLES NACIONAL,,,5
,3.1.20.300.000,,,482,A,(-) SUBSTITUIÇÃO TRIBUTÁRIA,,,5
,3.1.20.300.001,,,484,A,(-) REFIS,,,5
,3.1.20.300.001,,,486,A,(-) FIA,,,5
,3.1.20.300.001,,,509,A,(-) INSS RECEITA BRUTA,,,5
,3.1.3,,,430,S,RECEITAS FINANCEIRAS,,,3
,3.1.30.1,,,431,S,JUROS E DESCONTOS,,,4
,3.1.30.100.000,,,432,A,JUROS DE APLICAÇÕES,,,5
,3.1.30.100.000,,,433,A,JUROS ATIVOS,,,5
,3.1.30.100.000,,,434,A,DESCONTOS FINANCEIROS OBTIDOS,,,5
,3.1.30.100.000,,,475,A,MULTAS ATIVAS,,,5
,3.1.30.100.000,,,10032,A,RENDIMENTOS DE APLICAÇÃO FINANCEIRA,,,5
,3.1.30.100.000,,,10033,A,BONIFICAÇÃO,,,5
,3.1.5,,,442,S,OUTRAS RECEITAS OPERACIONAIS,,,3
,3.1.50.1,,,443,S,RECEITAS DIVERSAS,,,4
,3.1.50.100.000,,,10050,A,OUTRAS RECEITAS,,,5
,3.1.50.100.000,,,444,A,ALUGUÉIS E ARRENDAMENTOS,,,5
,3.2,,,449,S,RECEITAS NÃO OPERACIONAIS,,,2
,3.2.00.000.000,,,10048,A,OUTRAS RECEITAS NÃO OPERACIONAIS,,,5
,3.2.10.200.000,,,551,A,LUCROS NA ALIENAÇÃO DE FERRAMENTAS E ACESSORIOS,,,5
,3.2.10.200.000,,,553,A,LUCROS NA ALIENAÇÃO DE COMPUTADORES E ACESSORIOS,,,5
,3.2.10.200.000,,,555,A,LUCROS NA ALIENAÇÃO DE INSTALAÇÕES,,,5
,4,,,269,S,CONTAS DE RESULTADOS - CUSTOS E DESPESAS,,,1
,4.1,,,500,S,CUSTOS,,,2
,4.1.1,,,270,S,CUSTOS DIRETOS DE PRODUÇÃO,,,3
,4.1.10.1,,,271,S,MATERIAL APLICADO,,,4
,4.1.10.100.000,,,10047,A,INSUMOS,,,5
,4.1.10.100.000,,,272,A,MATÉRIA-PRIMA,,,5
,4.1.10.100.000,,,528,A,INDUSTRIALIZAÇÃO,,,5
,4.1.10.2,,,273,S,MÃO-DE-OBRA DIRETA,,,4
,4.1.10.200.000,,,274,A,SALÁRIOS E ORDENADOS,,,5
,4.1.10.200.000,,,275,A,PRÓ-LABORE,,,5
,4.1.10.200.000,,,276,A,PRÊMIOS DE GRATIFICAÇÕES,,,5
,4.1.10.200.000,,,277,A,13º SALÁRIO,,,5
,4.1.10.200.000,,,278,A,FÉRIAS,,,5
,4.1.10.200.000,,,279,A,INSS,,,5
,4.1.10.200.000,,,280,A,FGTS,,,5
,4.1.10.200.000,,,281,A,INDENIZAÇÕES E AVISO PRÉVIO,,,5
,4.1.10.200.000,,,282,A,ASSISTÊNCIA MÉDICA E SOCIAL,,,5
,4.1.10.200.001,,,497,A,PIS S/ FOLHA,,,5
,4.1.2,,,283,S,CUSTOS INDIRETOS DE PRODUÇÃO,,,3
,4.1.20.1,,,284,S,MÃO-DE-OBRA INDIRETA,,,4
,4.1.20.2,,,285,S,MATERIAIS DE CONSUMO INDIRETO,,,4
,4.1.20.200.000,,,10117,A,MATERIAIS DE CONSUMO,,,5
,4.1.20.3,,,287,S,MATERIAIS DE MANUTENÇÃO E REPARO,,,4
,4.1.20.4,,,286,S,UTILIDADES E SERVIÇOS,,,4
,4.1.20.5,,,288,S,ALUGUEIS E ARRENDAMENTOS,,,4
,4.1.20.500.000,,,10068,A,ALUGUEL,,,5
,4.1.20.6,,,289,S,"DEPRECIAÇÕES, AMORTIZAÇÕES E EXAUSTÕES",,,4
,4.1.20.600.000,,,291,A,DEPRECIAÇÃO,,,5
,4.1.20.7,,,290,S,COMBUSTÍVEIS E ENERGIA ELÉTRICA,,,4
,4.1.20.700.000,,,292,A,COMBUSTÍVEL,,,5
,4.1.3,,,293,S,CUSTOS DIRETOS DA PRODUÇÃO DE SERVIÇOS,,,3
,4.1.30.1,,,294,S,MÃO-DE-OBRA DIRETA,,,4
,4.1.4,,,514,S,CUSTOS DE MERCADORIAS,,,3
,4.1.40.1,,,515,S,CUSTOS DE MERCADORIAS ADQUIRIDAS,,,4
,4.1.40.100.000,,,10116,A,AQUISIÇÃO DE MERCADORIAS PARA REVENDA,,,5
,4.1.40.100.000,,,516,A,ICMS ANTECIPAÇÃO PARCIAL,,,5
,4.1.40.100.000,,,517,A,ICMS ANTECIPAÇÃO TOTAL - ST,,,5
,4.1.40.100.000,,,518,A,BONIFICAÇÃO,,,5
,4.1.40.100.000,,,534,A,ICMS DIFERENCIAL DE ALÍQUOTA,,,5
,4.1.5,,,462,S,CUSTOS DOS PRODUTOS VENDIDOS,,,3
,4.1.50.1,,,463,S,CUSTOS DOS PRODUTOS VENDIDOS,,,4
,4.1.50.100.000,,,464,A,CUSTOS DOS PRODUTOS VENDIDOS,,,5
,4.1.6,,,465,S,CUSTOS DOS SERVIÇOS PRESTADOS,,,3
,4.1.60.1,,,466,S,CUSTOS DOS SERVIÇOS PRESTADOS,,,4
,4.1.60.100.000,,,467,A,CUSTOS DOS SERVIÇOS PRESTADOS,,,5
,4.1.60.100.000,,,10030,A,MERCADORIAS E MATERIAIS UTILIZADOS NA PRESTAÇÃO DE SERVIÇOS,,,5
,4.1.7,,,468,S,CUSTOS DAS MERCADORIAS VENDIDAS,,,3
,4.1.70.1,,,469,S,CUSTOS DAS MERCADORIAS VENDIDAS,,,4
,4.1.70.100.000,,,470,A,CUSTOS DAS MERCADORIAS VENDIDAS,,,5
,4.2,,,295,S,DESPESAS OPERACIONAIS,,,2
,4.2.1,,,296,S,DESPESAS COM VENDAS,,,3
,4.2.10.1,,,297,S,DESPESAS COM PESSOAL,,,4
,4.2.10.100.000,,,10076,A,UNIFORMES,,,5
,4.2.10.100.000,,,10077,A,ENCARGOS SOCIAIS FGTS,,,5
,4.2.10.100.000,,,10078,A,ENCARGOS SOCIAIS 13 SALARIO,,,5
,4.2.10.100.000,,,10079,A,ENCARGOS SOCIAIS FERIAS,,,5
,4.2.10.100.000,,,10091,A,EXAMES DEMISSIONAL/ADMISSIONAL,,,5
,4.2.10.100.000,,,10097,A,IRRF,,,5
,4.2.10.100.000,,,10099,A,VALE ALIMENTAÇÃO,,,5
,4.2.10.100.000,,,298,A,SALÁRIOS E ORDENADOS,,,5
,4.2.10.100.000,,,299,A,PRÓ-LABORE,,,5
,4.2.10.100.000,,,300,A,PRÊMIOS E GRATIFICAÇÕES,,,5
,4.2.10.100.000,,,301,A,13º SALÁRIO,,,5
,4.2.10.100.000,,,302,A,FÉRIAS,,,5
,4.2.10.100.000,,,303,A,INSS,,,5
,4.2.10.100.000,,,304,A,FGTS,,,5
,4.2.10.100.000,,,305,A,INDENIZAÇÕES E AVISO PRÉVIO,,,5
,4.2.10.100.000,,,306,A,ASSISTÊNCIA MÉDICA E SOCIAL,,,5
,4.2.10.100.001,,,498,A,PIS S/ FOLHA,,,5
,4.2.10.110.000,,,10083,A,OUTRAS DESPESAS,,,5
,4.2.10.2,,,307,S,COMISSÕES SOBRE VENDAS,,,4
,4.2.10.200.000,,,10055,A,COMISSÕES MERCADO LIVRE,,,5
,4.2.10.200.000,,,308,A,COMISSÕES,,,5
,4.2.10.3,,,309,S,PROPAGANDA E PUBLICIDADE,,,4
,4.2.10.300.000,,,10058,A,DESPESAS COM MARKETING,,,5
,4.2.10.300.000,,,310,A,AMOSTRAS GRÁTIS,,,5
,4.2.10.4,,,311,S,DESPESAS COM ENTREGA,,,4
,4.2.10.400.000,,,10057,A,MERCADO ENVIOS,,,5
,4.2.10.400.000,,,10059,A,LOGISTICA,,,5
,4.2.10.400.000,,,10086,A,DESPESA COM IMPORTAÇÃO ,,,5
,4.2.10.400.000,,,312,A,OUTRAS PLATAFORMAS DE ENTREGA,,,5
,4.2.10.400.000,,,313,A,MANUTENÇÃO DE VEÍCULOS,,,5
,4.2.10.400.009,,,10128,A,MELHOR ENVIO,,,5
,4.2.10.5,,,314,S,DESPESAS COM VIAGENS E REPRESENTAÇÕES,,,4
,4.2.10.500.000,,,315,A,VIAGENS,,,5
,4.2.10.500.000,,,317,A,HOSPEDAGEM,,,5
,4.2.10.500.000,,,318,A,REFEIÇÕES,,,5
,4.2.10.6,,,319,S,DESPESAS GERAIS,,,4
,4.2.10.600.000,,,10049,A,MATERIAL DE LIMPEZA,,,5
,4.2.10.600.000,,,10074,A,ÁGUA E ESGOTO,,,5
,4.2.10.600.000,,,10089,A,CONDOMÍNIO,,,5
,4.2.10.600.000,,,10106,A,ENERGIA ELETRICA,,,5
,4.2.10.600.000,,,320,A,ALUGUÉIS,,,5
,4.2.10.600.000,,,321,A,MANUTENÇÃO E REPARO,,,5
,4.2.10.600.000,,,322,A,TELEFONE,,,5
,4.2.10.600.000,,,323,A,DESPESAS POSTAIS E TELEGRÁFICAS,,,5
,4.2.10.600.000,,,324,A,DEPRECIAÇÕES E AMORTIZAÇÕES,,,5
,4.2.10.600.000,,,325,A,SERVIÇOS PRESTADOS POR TERCEIROS,,,5
,4.2.10.600.000,,,326,A,SEGUROS,,,5
,4.2.10.7,,,327,S,PERDAS NO RECEBIMENTO DE CRÉDITOS,,,4
,4.2.10.700.000,,,328,A,CRÉDITOS VENCIDOS E NÃO LIQUIDADOS,,,5
,4.2.2,,,329,S,DESPESAS ADMINISTRATIVAS,,,3
,4.2.20.1,,,330,S,DESPESAS COM PESSOAL,,,4
,4.2.20.100.000,,,10118,A,DESPESAS COM ESTÁGIO ,,,5
,4.2.20.100.000,,,10119,A,EXAME ADMISSIONAL ,,,5
,4.2.20.100.000,,,331,A,SALÁRIOS E ORDENADOS,,,5
,4.2.20.100.000,,,332,A,PRÓ-LABORE,,,5
,4.2.20.100.000,,,333,A,PRÊMIOS E GRATIFICAÇÕES,,,5
,4.2.20.100.000,,,334,A,13º SALÁRIO,,,5
,4.2.20.100.000,,,335,A,FÉRIAS,,,5
,4.2.20.100.000,,,336,A,INSS PATRONAL,,,5
,4.2.20.100.000,,,337,A,FGTS,,,5
,4.2.20.100.000,,,338,A,INDENIZAÇÕES E AVISO PRÉVIO,,,5
,4.2.20.100.000,,,339,A,ASSISTÊNCIA MÉDICA E SOCIAL,,,5
,4.2.20.100.001,,,492,A,VALE TRANSPORTE,,,5
,4.2.20.100.001,,,499,A,PIS S/ FOLHA,,,5
,4.2.20.100.001,,,521,A,DESPESAS COM ALIMENTAÇÃO,,,5
,4.2.20.2,,,340,S,ALUGUÉIS E ARRENDAMENTOS,,,4
,4.2.20.200.000,,,341,A,ALUGUÉIS DE IMÓVEIS,,,5
,4.2.20.200.000,,,342,A,ALUGUÉIS DE MÁQUINAS E EQUIPAMENTOS,,,5
,4.2.20.200.000,,,343,A,ARRENDAMENTO DE IMÓVEIS,,,5
,4.2.20.200.000,,,344,A,ARRENDAMENTO MERCANTIL (LEASING),,,5
,4.2.20.3,,,345,S,"IMPOSTOS, TAXAS E CONTRIBUIÇÕES",,,4
,4.2.20.300.000,,,10065,A,IMPOSTOS E TAXAS FEDERAIS,,,5
,4.2.20.300.000,,,10095,A,IMPOSTOS DIVERSOS,,,5
,4.2.20.300.000,,,10123,A,IMPOSTOS E TAXAS MUNICIPAIS ,,,5
,4.2.20.300.000,,,346,A,PIS,,,5
,4.2.20.300.000,,,347,A,COFINS,,,5
,4.2.20.300.000,,,348,A,IPTU,,,5
,4.2.20.300.000,,,349,A,IPVA,,,5
,4.2.20.300.000,,,350,A,TAXAS DIVERSAS,,,5
,4.2.20.300.000,,,351,A,CPMF,,,5
,4.2.20.300.000,,,352,A,MULTAS DE MORA,,,5
,4.2.20.4,,,353,S,DESPESAS GERAIS,,,4
,4.2.20.400.000,,,10036,A,DIVERSOS,,,5
,4.2.20.400.000,,,10037,A,ESTACIONAMENTO,,,5
,4.2.20.400.000,,,10043,A,SERVIÇOS GRÁFICOS,,,5
,4.2.20.400.000,,,10044,A,LICENÇA DE USO DE SOFTWARE,,,5
,4.2.20.400.000,,,10052,A,TAXAS DE CERTIFICAÇÕES E REGISTROS,,,5
,4.2.20.400.000,,,10073,A,CURSOS E TREINAMENTOS,,,5
,4.2.20.400.000,,,10075,A,CARTÓRIO E EMOLUMENTOS,,,5
,4.2.20.400.000,,,10084,A,HOSPEDAGEM SITE/E-MAIL,,,5
,4.2.20.400.000,,,10085,A,GÁS,,,5
,4.2.20.400.000,,,10090,A,INTERNET,,,5
,4.2.20.400.000,,,10094,A,ASSISTÊNCIA JURÍDICA,,,5
,4.2.20.400.000,,,10103,A,ALIMENTAÇÃO,,,5
,4.2.20.400.000,,,10104,A,CONDUÇÃO,,,5
,4.2.20.400.000,,,10105,A,COPA E COZINHA,,,5
,4.2.20.400.000,,,10130,A,MANUTENÇÃO E REPARO,,,5
,4.2.20.400.000,,,354,A,ENERGIA ELÉTRICA,,,5
,4.2.20.400.000,,,355,A,ÁGUA E ESGOTO,,,5
,4.2.20.400.000,,,356,A,TELEFONE,,,5
,4.2.20.400.000,,,357,A,DESPESAS POSTAIS E TELEGRÁFICAS,,,5
,4.2.20.400.000,,,358,A,SEGUROS,,,5
,4.2.20.400.000,,,359,A,MATERIAL DE ESCRITÓRIO,,,5
,4.2.20.400.000,,,360,A,HIGIENE E LIMPEZA,,,5
,4.2.20.400.000,,,361,A,ASSISTÊNCIA CONTÁBIL,,,5
,4.2.20.400.000,,,362,A,SERVIÇOS DE TERCEIROS,,,5
,4.2.20.400.001,,,363,A,DEPRECIAÇÕES E AMORTIZAÇÕES,,,5
,4.2.20.400.001,,,364,A,REPRODUÇÕES,,,5
,4.2.20.400.001,,,365,A,DESPESAS LEGAIS E JUDICIAIS,,,5
,4.2.20.400.001,,,366,A,"LIVROS, JORNAIS E REVISTAS",,,5
,4.2.20.400.001,,,493,A,MULTA DE TRÂNSITO,,,5
,4.2.20.400.001,,,532,A,COMBUSTÍVEIS E LUBRIFICANTES,,,5
,4.2.20.400.001,,,533,A,MATERIAIS DE CONSUMO,,,5
,4.2.20.5,,,367,S,DESPESAS FINANCEIRAS,,,4
,4.2.20.500.000,,,10053,A,TARIFA DE VENDA,,,5
,4.2.20.500.000,,,10054,A,IMPOSTO DE RENDA,,,5
,4.2.20.500.000,,,10064,A,IOF,,,5
,4.2.20.500.000,,,368,A,JUROS PASSIVOS,,,5
,4.2.20.500.000,,,371,A,DESCONTOS FINANCEIROS CONCEDIDOS,,,5
,4.2.20.500.000,,,525,A,MULTAS PASSIVAS,,,5
,4.2.20.500.001,,,535,A,TARIFA BANCÁRIA,,,5
,4.2.20.500.001,,,538,A,EMPRESTIMO / FINANCIAMENTO,,,5
,4.3,,,380,S,DESPESAS NÃO OPERACIONAIS,,,2
,4.3.1,,,381,S,RESULTADOS NÃO OPERACIONAIS,,,3
,4.3.10.200.000,,,550,A,PERDAS NA ALIENAÇÃO DE FERRAMENTAS E ACESSORIOS,,,5
,4.3.10.200.000,,,552,A,PERDAS NA ALIENAÇÃO DE COMPUTADORES E ACESSORIOS,,,5
,4.3.10.200.000,,,554,A,PERDAS NA ALIENAÇÃO DE INSTALAÇÕES,,,5
,4.3.10.4,,,392,S,OUTRAS BAIXAS DO ATIVO PERMANENTE,,,4
,4.3.10.400.000,,,394,A,BAIXAS DE IMOBILIZADO,,,5
,4.3.10.600.000,,,507,A,PERDA DE CRÉDITO DE ICMS S/ IMOBILIZADO,,,5
,4.3.10.7,,,556,S,PROVISAO DE IRPJ E CSLL,,,4
,4.3.10.700.000,,,557,A,PROVISAO IRPJ,,,5
,4.3.10.700.000,,,558,A,PROVISAO CSLL ,,,5
,5,,,460,S,CONTAS DE APURAÇÃO,,,1
,5.1,,,461,S,CUSTOS DOS PRODUTOS E SERVIÇOS VENDIDOS,,,2
,5.1.1,,,471,S,APURAÇÃO DO RESULTADO DO EXERCÍCIO,,,3
,5.1.10.1,,,472,S,APURAÇÃO DO RESULTADO DO EXERCÍCIO,,,4
,5.1.10.100.000,,,473,A,RESULTADO DO EXERCÍCIO,,,5
,5.1.10.100.000,,,474,A,GANHOS/PERDAS NA ALIENAÇÃO DE IMOB.,,,5
,,,,,,,,,
,Total de Contas Contábeis: 541,,,,,,,,